q,Tracking_Error,Num_Stocks
10,2.7836458543856294e-32,10
15,2.8901738544345484e-32,15
20,2.8853590295735803e-32,20
25,7.138730172769719e-33,25
30,4.749373335514305e-33,30
